contrast,estimate,SE,df,z.ratio,p.value
Artificial - Natural,0.18405274306925362,0.2516521363048971,Inf,0.7313776301356676,0.4645485250941945
