contrast,estimate,SE,df,z.ratio,p.value
Artificial - Natural,0.27822733877008887,0.26364643675057686,Inf,1.0553047566248972,0.2912859663661531
