stage,contrast,estimate,SE,df,asymp.LCL,asymp.UCL,p.value
juvenile,Artificial - Natural,0.27822733877008887,0.26364643675057686,Inf,-0.23851018191335893,0.7949648594535367,0.2912859663661531
adult,Artificial - Natural,0.18405274306925362,0.2516521363048971,Inf,-0.30917638072090914,0.6772818668594164,0.4645485250941945
